<application>
  <component name="FileTypeManager" version="17">
    <ignoreFiles list="*$py.class;*.hprof;*.pyc;*.pyo;*.rbc;*.yarb;*~;.DS_Store;.git;.hg;.svn;CVS;__pycache__;_svn;vssver.scc;vssver2.scc;" />
    <extensionMap>
      <mapping pattern="*.js.flow" type="Flow" />
      <mapping pattern="*.js.flow" type="Flow" />
      <mapping pattern="test" type="PLAIN_TEXT" />
      <mapping pattern=".dockerignore" type="PLAIN_TEXT" />
      <mapping pattern="time_record" type="PLAIN_TEXT" />
      <mapping pattern="dockerfile_basic" type="PLAIN_TEXT" />
      <mapping pattern="sam_construct_and_update.sh" type="PLAIN_TEXT" />
      <mapping ext="cvs" type="PLAIN_TEXT" />
    </extensionMap>
  </component>
</application>