<application>
  <component name="LogHighlightingSettings">
    <Patterns>
      <list>
        <LogHighlightingPattern pattern="^.*ERROR\s*$" action="HIGHLIGHT_LINE" fg="-65536" bold="true" stripe="true" />
        <LogHighlightingPattern pattern="^.*WARNING\s.*" action="HIGHLIGHT_LINE" fg="-22016" bold="true" />
        <LogHighlightingPattern pattern="^.*INFO\s.*" action="HIGHLIGHT_LINE" fg="-15881682" />
        <LogHighlightingPattern pattern="^.*DEBUG?.*$" stripe="true" />
        <LogHighlightingPattern pattern="^.*CRITICAL.*" fg="-4387573" bg="-10121806" bold="true" italic="true" stripe="true" />
      </list>
    </Patterns>
    <parsing>
      <list>
        <LogParsingPattern name="Pipe-separated" pattern="^(?s)([^|]*)\|([^|]*)\|([^|]*)\|(.*)$" timePattern="HH:mm:ss.SSS" linePattern="^\d" timeId="0" severityId="1" categoryId="2" />
        <LogParsingPattern name="IntelliJ IDEA" pattern="^([^\[]+)(\[[\s\d]+])\s*(\w*)\s*-\s*(\S*)\s*-(.+)$" timePattern="yyyy-MM-dd HH:mm:ss,SSS" linePattern="^\d" timeId="0" severityId="2" categoryId="3" />
        <LogParsingPattern name="TeamCity build log" pattern="^\[([^]]+)](.):\s*(\[[^]]+])?(.*)$" timePattern="HH:mm:ss" linePattern="^\[" timeId="0" severityId="1" categoryId="2" />
        <LogParsingPattern name="python_common" pattern="^.*[DEBUG|INFO|WARNING|ERROR|CRITICAL].*" linePattern="^\d" />
      </list>
    </parsing>
    <settingsVersion>4</settingsVersion>
    <lastAddedDefaultFormat>3</lastAddedDefaultFormat>
  </component>
</application>