<application>
  <component name="VimEditorSettings">
    <editor />
  </component>
  <component name="VimHistorySettings">
    <history>
      <history-search>
        <entry>des</entry>
        <entry>(</entry>
        <entry>@</entry>
        <entry>SamOff</entry>
        <entry>cu_conn</entry>
        <entry>cu</entry>
        <entry>loggin.info</entry>
        <entry>logging.info</entry>
        <entry>info</entry>
        <entry>sam_session</entry>
        <entry>deta</entry>
        <entry>Exception</entry>
        <entry>@con</entry>
        <entry>log</entry>
        <entry>591</entry>
        <entry>519</entry>
        <entry>repeat</entry>
        <entry>update_tran</entry>
        <entry>abs</entry>
        <entry>'</entry>
      </history-search>
      <history-cmd>
        <entry>618,648s/self.//g</entry>
        <entry>regs</entry>
        <entry>reg</entry>
        <entry>.,+2s/1/2/g</entry>
        <entry>.,505s/@bastractmethod//g</entry>
        <entry>16</entry>
        <entry>wq</entry>
        <entry>1,s/is_ip/isip/g</entry>
        <entry>%s/is_ip/isip/g</entry>
        <entry>./dept_ip/kind/g</entry>
        <entry>.,s/dept_id/kind/g</entry>
        <entry>.,s/kind/pub_bunch_speed/g</entry>
        <entry>.,s/kind/modulation_type/g</entry>
        <entry>.,s/kind/fec_type/g</entry>
        <entry>.,s/kind/fec_code_rate/g</entry>
        <entry>.,s/kind/eirp/g</entry>
        <entry>e</entry>
        <entry>q</entry>
        <entry>%s/'/&quot;/g</entry>
        <entry>nohl</entry>
      </history-cmd>
      <history-expr />
      <history-input />
    </history>
  </component>
  <component name="VimKeySettings">
    <shortcut-conflicts>
      <shortcut-conflict owner="vim">
        <text>ctrl pressed V</text>
      </shortcut-conflict>
      <shortcut-conflict owner="ide">
        <text>ctrl pressed C</text>
      </shortcut-conflict>
      <shortcut-conflict owner="vim">
        <text>ctrl pressed F</text>
      </shortcut-conflict>
      <shortcut-conflict owner="ide">
        <text>ctrl pressed X</text>
      </shortcut-conflict>
      <shortcut-conflict owner="vim">
        <text>ctrl pressed O</text>
      </shortcut-conflict>
      <shortcut-conflict owner="ide">
        <text>ctrl pressed Q</text>
      </shortcut-conflict>
      <shortcut-conflict owner="vim">
        <text>ctrl pressed R</text>
      </shortcut-conflict>
      <shortcut-conflict owner="ide">
        <text>ctrl pressed H</text>
      </shortcut-conflict>
      <shortcut-conflict owner="vim">
        <text>ctrl pressed N</text>
      </shortcut-conflict>
      <shortcut-conflict owner="vim">
        <text>ctrl pressed D</text>
      </shortcut-conflict>
      <shortcut-conflict owner="vim">
        <text>ctrl pressed P</text>
      </shortcut-conflict>
      <shortcut-conflict owner="vim">
        <text>shift ctrl pressed 6</text>
      </shortcut-conflict>
      <shortcut-conflict owner="vim">
        <text>ctrl pressed B</text>
      </shortcut-conflict>
      <shortcut-conflict owner="vim">
        <text>ctrl pressed L</text>
      </shortcut-conflict>
      <shortcut-conflict owner="vim">
        <text>ctrl pressed E</text>
      </shortcut-conflict>
      <shortcut-conflict owner="vim">
        <text>ctrl pressed U</text>
      </shortcut-conflict>
      <shortcut-conflict owner="vim">
        <text>ctrl pressed OPEN_BRACKET</text>
      </shortcut-conflict>
      <shortcut-conflict owner="vim">
        <text>ctrl pressed CLOSE_BRACKET</text>
      </shortcut-conflict>
      <shortcut-conflict owner="vim">
        <text>ctrl pressed Y</text>
      </shortcut-conflict>
      <shortcut-conflict owner="vim">
        <text>ctrl pressed I</text>
      </shortcut-conflict>
    </shortcut-conflicts>
  </component>
  <component name="VimMarksSettings">
    <globalmarks />
    <filemarks>
      <file name="$USER_HOME$/Workspace/Demos/se/.gitignore" timestamp="1593763940528">
        <mark key="[" line="1" column="15" />
      </file>
      <file name="$USER_HOME$/Workspace/Cowave/ncp/sam/push_notification.py" timestamp="1593565600039">
        <mark key="'" line="225" column="6" />
        <mark key="[" line="221" column="81" />
        <mark key="]" line="248" column="36" />
        <mark key="^" line="248" column="36" />
        <mark key="." line="248" column="35" />
      </file>
      <file name="/Python Console" timestamp="1593767096615">
        <mark key="[" line="0" column="0" />
        <mark key="]" line="0" column="27" />
        <mark key="^" line="0" column="27" />
        <mark key="." line="0" column="26" />
      </file>
      <file name="$USER_HOME$/Workspace/Demos/se/barn/5df21a9bd852566406f0c52f.json" timestamp="1593765649042" />
      <file name="$USER_HOME$/Workspace/Demos/se/barn/5df2044ae7732e640b0531d8.json" timestamp="1593763491936" />
      <file name="$USER_HOME$/Workspace/Cowave/sam/services/rcu.py" timestamp="1593566847803">
        <mark key="'" line="29" column="31" />
      </file>
      <file name="$USER_HOME$/Workspace/Cowave/ncp/sam/sam.py" timestamp="1593565726971">
        <mark key="'" line="929" column="74" />
        <mark key="[" line="914" column="24" />
        <mark key="]" line="914" column="24" />
        <mark key="." line="914" column="24" />
      </file>
      <file name="$USER_HOME$/Workspace/Cowave/ncp/constants.py" timestamp="1593670868084">
        <mark key="[" line="104" column="28" />
        <mark key="]" line="104" column="29" />
        <mark key="^" line="104" column="29" />
        <mark key="." line="104" column="28" />
      </file>
      <file name="$USER_HOME$/Workspace/Cowave/ncp/sam/sam_session.py" timestamp="1593482078230">
        <mark key="'" line="583" column="58" />
        <mark key="[" line="739" column="65" />
        <mark key="]" line="1150" column="68" />
        <mark key="^" line="1150" column="68" />
        <mark key="." line="1150" column="67" />
      </file>
      <file name="$USER_HOME$/Workspace/Cowave/ncp/event_queue/msg_abs.py" timestamp="1593668243555">
        <mark key="[" line="273" column="51" />
        <mark key="]" line="253" column="72" />
        <mark key="." line="273" column="55" />
        <mark key="^" line="253" column="72" />
      </file>
      <file name="$USER_HOME$/Workspace/Cowave/ncp/aloha_handlers/aloha_handlers.py" timestamp="1593744783711">
        <mark key="'" line="550" column="41" />
      </file>
      <file name="$USER_HOME$/Workspace/Demos/se/spider.py" timestamp="1593765261711">
        <mark key="'" line="9" column="8" />
        <mark key="[" line="113" column="46" />
        <mark key="]" line="92" column="8" />
        <mark key="." line="92" column="7" />
        <mark key="^" line="92" column="8" />
      </file>
      <file name="$USER_HOME$/Workspace/Cowave/ncp/ncp.py" timestamp="1593763259486">
        <mark key="'" line="1084" column="66" />
        <mark key="[" line="1152" column="0" />
        <mark key="]" line="1152" column="0" />
        <mark key="." line="1152" column="0" />
      </file>
      <file name="$USER_HOME$/Workspace/Demos/se/barn/5df1b6db12536141b6ed2ada.json" timestamp="1593742093045" />
      <file name="$USER_HOME$/Workspace/Cowave/sam/rcus/rcu.py" timestamp="1593566606300">
        <mark key="'" line="532" column="0" />
        <mark key="[" line="343" column="44" />
        <mark key="]" line="532" column="0" />
        <mark key="^" line="533" column="37" />
        <mark key="." line="532" column="0" />
      </file>
      <file name="$USER_HOME$/Workspace/Demos/se/sample/ChineseWordSegmentation/wordseg/wordseg.py" timestamp="1593766021218">
        <mark key="[" line="10" column="7" />
      </file>
      <file name="$USER_HOME$/Workspace/Demos/ChineseWordSegmentation/wordseg/wordseg.py" timestamp="1593765920126">
        <mark key="[" line="11" column="5" />
        <mark key="]" line="10" column="12" />
        <mark key="^" line="10" column="12" />
        <mark key="." line="10" column="11" />
      </file>
      <file name="$USER_HOME$/Workspace/Cowave/ncp/land.py" timestamp="1593745006570" />
    </filemarks>
    <jumps>
      <jump line="25" column="51" filename="$USER_HOME$/Workspace/Cowave/sam/rcus/tasks.py" />
      <jump line="23" column="58" filename="$USER_HOME$/Workspace/Cowave/sam/locales/zh_CN.csv" />
      <jump line="55" column="34" filename="$USER_HOME$/Workspace/Cowave/sam/services/exceptions.py" />
      <jump line="32" column="4" filename="$USER_HOME$/Workspace/Cowave/sam/services/web.py" />
      <jump line="25" column="0" filename="$USER_HOME$/Workspace/Cowave/sam/services/web.py" />
      <jump line="31" column="0" filename="$USER_HOME$/Workspace/Cowave/sam/services/web.py" />
      <jump line="37" column="0" filename="$USER_HOME$/Workspace/Cowave/sam/services/web.py" />
      <jump line="53" column="0" filename="$USER_HOME$/Workspace/Cowave/sam/services/web.py" />
      <jump line="60" column="0" filename="$USER_HOME$/Workspace/Cowave/sam/services/web.py" />
      <jump line="67" column="0" filename="$USER_HOME$/Workspace/Cowave/sam/services/web.py" />
      <jump line="82" column="0" filename="$USER_HOME$/Workspace/Cowave/sam/services/web.py" />
      <jump line="88" column="0" filename="$USER_HOME$/Workspace/Cowave/sam/services/web.py" />
      <jump line="94" column="0" filename="$USER_HOME$/Workspace/Cowave/sam/services/web.py" />
      <jump line="111" column="0" filename="$USER_HOME$/Workspace/Cowave/sam/services/web.py" />
      <jump line="117" column="0" filename="$USER_HOME$/Workspace/Cowave/sam/services/web.py" />
      <jump line="123" column="0" filename="$USER_HOME$/Workspace/Cowave/sam/services/web.py" />
      <jump line="132" column="0" filename="$USER_HOME$/Workspace/Cowave/sam/services/web.py" />
      <jump line="141" column="0" filename="$USER_HOME$/Workspace/Cowave/sam/services/web.py" />
      <jump line="150" column="0" filename="$USER_HOME$/Workspace/Cowave/sam/services/web.py" />
      <jump line="161" column="0" filename="$USER_HOME$/Workspace/Cowave/sam/services/web.py" />
      <jump line="170" column="0" filename="$USER_HOME$/Workspace/Cowave/sam/services/web.py" />
      <jump line="1260" column="16" filename="$USER_HOME$/Workspace/Cowave/ncp/sam/sam.py" />
      <jump line="21" column="14" filename="$USER_HOME$/Workspace/Cowave/ncp/sam/sam.py" />
      <jump line="1293" column="0" filename="$USER_HOME$/Workspace/Cowave/ncp/sam/sam.py" />
      <jump line="1278" column="67" filename="$USER_HOME$/Workspace/Cowave/ncp/sam/sam.py" />
      <jump line="1292" column="12" filename="$USER_HOME$/Workspace/Cowave/ncp/sam/sam.py" />
      <jump line="1297" column="12" filename="$USER_HOME$/Workspace/Cowave/ncp/sam/sam.py" />
      <jump line="1303" column="12" filename="$USER_HOME$/Workspace/Cowave/ncp/sam/sam.py" />
      <jump line="1308" column="12" filename="$USER_HOME$/Workspace/Cowave/ncp/sam/sam.py" />
      <jump line="1277" column="47" filename="$USER_HOME$/Workspace/Cowave/ncp/sam/sam.py" />
      <jump line="1356" column="16" filename="$USER_HOME$/Workspace/Cowave/ncp/sam/sam.py" />
      <jump line="1333" column="9" filename="$USER_HOME$/Workspace/Cowave/ncp/sam/sam.py" />
      <jump line="13" column="38" filename="$USER_HOME$/Workspace/Cowave/sam/services/web.py" />
      <jump line="228" column="0" filename="$USER_HOME$/Workspace/Cowave/sam/services/web.py" />
      <jump line="0" column="0" filename="$USER_HOME$/Workspace/Cowave/sam/services/web.py" />
      <jump line="833" column="37" filename="$USER_HOME$/Workspace/Cowave/ncp/event_queue/msg_abs.py" />
      <jump line="352" column="0" filename="$USER_HOME$/Workspace/Cowave/ncp/event_queue/msg_abs.py" />
      <jump line="178" column="28" filename="$USER_HOME$/Workspace/Cowave/ncp/sam/push_notification.py" />
      <jump line="43" column="0" filename="$USER_HOME$/Workspace/Cowave/sam/rcus/rcu.py" />
      <jump line="802" column="0" filename="$USER_HOME$/Workspace/Cowave/ncp/sam/sam_session.py" />
      <jump line="91" column="23" filename="$USER_HOME$/Workspace/Cowave/ncp/sam/sam.py" />
      <jump line="143" column="45" filename="$USER_HOME$/Workspace/Cowave/sam/rcus/rcu.py" />
      <jump line="98" column="0" filename="$USER_HOME$/Workspace/Cowave/ncp/constants.py" />
      <jump line="160" column="10" filename="$USER_HOME$/Workspace/Cowave/sam/rcus/rcu.py" />
      <jump line="766" column="50" filename="$USER_HOME$/Workspace/Cowave/sam/rcus/rcu.py" />
      <jump line="528" column="74" filename="$USER_HOME$/Workspace/Cowave/sam/rcus/rcu.py" />
      <jump line="38" column="0" filename="$USER_HOME$/Workspace/Cowave/ncp/handlers.py" />
      <jump line="1428" column="50" filename="$USER_HOME$/Workspace/Cowave/ncp/handlers.py" />
      <jump line="1451" column="68" filename="$USER_HOME$/Workspace/Cowave/ncp/handlers.py" />
      <jump line="199" column="21" filename="$USER_HOME$/Workspace/Cowave/ncp/sam/push_notification.py" />
      <jump line="580" column="58" filename="$USER_HOME$/Workspace/Cowave/ncp/sam/sam_session.py" />
      <jump line="1179" column="0" filename="$USER_HOME$/Workspace/Cowave/ncp/sam/sam.py" />
      <jump line="1170" column="0" filename="$USER_HOME$/Workspace/Cowave/ncp/sam/sam.py" />
      <jump line="1104" column="80" filename="$USER_HOME$/Workspace/Cowave/ncp/sam/sam.py" />
      <jump line="212" column="7" filename="$USER_HOME$/Workspace/Cowave/ncp/sam/push_notification.py" />
      <jump line="16" column="24" filename="$USER_HOME$/Workspace/Cowave/ncp/sam/push_notification.py" />
      <jump line="299" column="0" filename="$USER_HOME$/Workspace/Cowave/ncp/sam/push_notification.py" />
      <jump line="0" column="335" filename="$USER_HOME$/Workspace/Cowave/ncp/sam/tmp.json" />
      <jump line="1024" column="56" filename="$USER_HOME$/Workspace/Cowave/ncp/sam/sam.py" />
      <jump line="858" column="39" filename="$USER_HOME$/Workspace/Cowave/ncp/event_queue/msg_abs.py" />
      <jump line="11" column="7" filename="$USER_HOME$/Workspace/Demos/se/spider.py" />
      <jump line="266" column="12" filename="$USER_HOME$/Workspace/Cowave/ncp/sam/push_notification.py" />
      <jump line="17" column="23" filename="$USER_HOME$/Workspace/Cowave/ncp/sam/push_notification.py" />
      <jump line="324" column="0" filename="$USER_HOME$/Workspace/Cowave/ncp/sam/push_notification.py" />
      <jump line="40" column="61" filename="$USER_HOME$/Workspace/Cowave/ncp/channel_assign/channel_assign.py" />
      <jump line="738" column="35" filename="$USER_HOME$/Workspace/Cowave/ncp/channel_assign/channel_assign.py" />
      <jump line="32" column="18" filename="$USER_HOME$/Workspace/Cowave/ncp/channel_assign/channel_assign.py" />
      <jump line="108" column="48" filename="$USER_HOME$/Workspace/Cowave/sam/rpc/rpc_client.py" />
      <jump line="42" column="26" filename="$USER_HOME$/Workspace/Cowave/sam/rcus/rcu.py" />
      <jump line="1092" column="13" filename="$USER_HOME$/Workspace/Cowave/ncp/ncp.py" />
      <jump line="9" column="15" filename="$USER_HOME$/Workspace/Cowave/ncp/ncp.py" />
      <jump line="1187" column="27" filename="$USER_HOME$/Workspace/Cowave/ncp/sam/sam.py" />
      <jump line="81" column="57" filename="$USER_HOME$/Workspace/Cowave/ncp/handlers.py" />
      <jump line="24" column="3" filename="$USER_HOME$/Workspace/Cowave/ncp/sam/sam_model.py" />
      <jump line="3" column="15" filename="$USER_HOME$/Workspace/Cowave/ncp/sam/sam_model.py" />
      <jump line="28" column="6" filename="$USER_HOME$/Workspace/Cowave/ncp/sam/sam_model.py" />
      <jump line="4" column="13" filename="$USER_HOME$/Workspace/Cowave/ncp/sam/sam_model.py" />
      <jump line="38" column="21" filename="$USER_HOME$/Workspace/Cowave/sam/model/dbs.py" />
      <jump line="822" column="3" filename="$USER_HOME$/Workspace/Cowave/sam/rcus/rcu.py" />
      <jump line="367" column="4" filename="$USER_HOME$/Workspace/Cowave/sam/dhcs/dhc.py" />
      <jump line="38" column="64" filename="$USER_HOME$/Workspace/Cowave/ncp/sam/sam_plan.py" />
      <jump line="225" column="6" filename="$USER_HOME$/Workspace/Cowave/ncp/sam/push_notification.py" />
      <jump line="929" column="74" filename="$USER_HOME$/Workspace/Cowave/ncp/sam/sam.py" />
      <jump line="908" column="4" filename="$USER_HOME$/Workspace/Cowave/sam/rcus/rcu.py" />
      <jump line="29" column="31" filename="$USER_HOME$/Workspace/Cowave/sam/services/rcu.py" />
      <jump line="21" column="19" filename="$USER_HOME$/Workspace/Cowave/sam/rcus/rcu.py" />
      <jump line="531" column="0" filename="$USER_HOME$/Workspace/Cowave/sam/rcus/rcu.py" />
      <jump line="1084" column="66" filename="$USER_HOME$/Workspace/Cowave/ncp/ncp.py" />
      <jump line="36" column="17" filename="$USER_HOME$/Workspace/Demos/se/spider.py" />
      <jump line="5" column="25" filename="$USER_HOME$/Workspace/Demos/se/spider.py" />
      <jump line="48" column="4" filename="$USER_HOME$/Workspace/Demos/se/spider.py" />
      <jump line="37" column="3" filename="$USER_HOME$/Workspace/Demos/se/spider.py" />
      <jump line="6" column="10" filename="$USER_HOME$/Workspace/Demos/se/spider.py" />
      <jump line="51" column="4" filename="$USER_HOME$/Workspace/Demos/se/spider.py" />
      <jump line="32" column="29" filename="$USER_HOME$/Workspace/Demos/se/spider.py" />
      <jump line="10" column="0" filename="$USER_HOME$/Workspace/Demos/se/spider.py" />
      <jump line="80" column="24" filename="$USER_HOME$/Workspace/Demos/se/spider.py" />
      <jump line="550" column="41" filename="$USER_HOME$/Workspace/Cowave/ncp/aloha_handlers/aloha_handlers.py" />
      <jump line="114" column="3" filename="$USER_HOME$/Workspace/Demos/se/spider.py" />
      <jump line="9" column="8" filename="$USER_HOME$/Workspace/Demos/se/spider.py" />
    </jumps>
  </component>
  <component name="VimRegisterSettings">
    <registers>
      <register name="a" type="2">
        <text encoding="base64">ICAgIOaOpeWPo+ivt+axguWHuumUmeaXtu+8jOiusOW9leeOsOWcugo=</text>
      </register>
      <register name="&quot;" type="4">
        <text>content</text>
      </register>
      <register name="b" type="2">
        <text encoding="base64">ICAgICAgICBrd2FyZ3NbJ2FkZHJUeXBlJ10gPSBBRERSX1RZUEVfSU1FSQogICAgICAgIGt3YXJnc1snY2F0ZWdvcnknXSA9IENBVEVHT1JZX1NBTQogICAgICAgIGt3YXJnc1snbXNnVHlwZSddID0gVERNX1JFUVVFU1RfTkVUV09SSwo=</text>
      </register>
      <register name="i" type="4">
        <text />
      </register>
      <register name="j" type="4">
        <text>ddu,</text>
      </register>
      <register name="k" type="4">
        <text>kk,</text>
      </register>
      <register name="+" type="4">
        <text>tunnel_status</text>
      </register>
      <register name="-" type="4">
        <text>content</text>
      </register>
      <register name="/" type="4">
        <text>'</text>
      </register>
      <register name="0" type="4">
        <text>first_news.get('_id')</text>
      </register>
      <register name="1" type="2">
        <text encoding="base64">ICAgICAgICBjdS5zdGF0ZSA9IFNUQVRFX09VVAo=</text>
      </register>
      <register name="q" type="4">
        <text />
      </register>
      <register name="2" type="2">
        <text encoding="base64">ICAgIHBhc3MK</text>
      </register>
      <register name="3" type="2">
        <text encoding="base64">ICAgIGNvCg==</text>
      </register>
      <register name="4" type="2">
        <text encoding="base64">Cg==</text>
      </register>
      <register name="5" type="2">
        <text encoding="base64">ICAgIHBhc3MK</text>
      </register>
      <register name="6" type="2">
        <text encoding="base64">Cg==</text>
      </register>
      <register name="7" type="2">
        <text encoding="base64">Cg==</text>
      </register>
      <register name="8" type="2">
        <text encoding="base64">Cg==</text>
      </register>
      <register name="9" type="2">
        <text encoding="base64">Cg==</text>
      </register>
      <register name=":" type="4">
        <text>nohl</text>
      </register>
    </registers>
  </component>
  <component name="VimSearchSettings">
    <search>
      <last-search>'</last-search>
      <last-offset />
      <last-pattern>'</last-pattern>
      <last-replace>&quot;</last-replace>
      <last-substitute>'</last-substitute>
      <last-dir>1</last-dir>
      <show-last>false</show-last>
    </search>
  </component>
  <component name="VimSettings">
    <state version="6" enabled="true" />
    <notifications>
      <idea-join enabled="true" />
      <idea-put enabled="false" />
    </notifications>
  </component>
</application>