<keymap version="1" name="Default for XWin copy" parent="Default for XWin">
  <action id="$Redo">
    <keyboard-shortcut first-keystroke="ctrl y" />
  </action>
  <action id="$SelectAll" />
  <action id="$Undo">
    <keyboard-shortcut first-keystroke="ctrl z" />
  </action>
  <action id="Back">
    <keyboard-shortcut first-keystroke="alt k" />
  </action>
  <action id="CheckinProject" />
  <action id="CloseContent">
    <keyboard-shortcut first-keystroke="alt q" />
  </action>
  <action id="Console.Execute.Multiline" />
  <action id="Console.Open" />
  <action id="ContextHelp" />
  <action id="Diagram.SelectAll" />
  <action id="DirDiffMenu.SynchronizeDiff.All" />
  <action id="Editor Redo">
    <keyboard-shortcut first-keystroke="ctrl y" />
  </action>
  <action id="EditorChooseLookupItemCompleteStatement" />
  <action id="EditorCompleteStatement">
    <keyboard-shortcut first-keystroke="shift ctrl semicolon" />
  </action>
  <action id="EditorContextInfo" />
  <action id="EditorCreateRectangularSelection" />
  <action id="EditorDeleteLine">
    <keyboard-shortcut first-keystroke="shift ctrl k" />
  </action>
  <action id="EditorJoinLines" />
  <action id="EditorNextWord" />
  <action id="EditorSelectWord" />
  <action id="EditorSplitLine" />
  <action id="EditorStartNewLine">
    <keyboard-shortcut first-keystroke="ctrl enter" />
  </action>
  <action id="EditorStartNewLineBefore">
    <keyboard-shortcut first-keystroke="shift ctrl enter" />
  </action>
  <action id="EditorToggleUseSoftWraps">
    <keyboard-shortcut first-keystroke="alt released r" />
  </action>
  <action id="FindNext">
    <keyboard-shortcut first-keystroke="f3" />
  </action>
  <action id="Forward">
    <keyboard-shortcut first-keystroke="alt j" />
  </action>
  <action id="GotoLine" />
  <action id="HideActiveWindow" />
  <action id="HideAllWindows">
    <keyboard-shortcut first-keystroke="alt minus" />
  </action>
  <action id="InsertLiveTemplate" />
  <action id="IntroduceVariable" />
  <action id="MoveEditorToOppositeTabGroup">
    <keyboard-shortcut first-keystroke="shift ctrl j" />
  </action>
  <action id="NextEditorTab" />
  <action id="NextProjectWindow" />
  <action id="NextSplitter">
    <keyboard-shortcut first-keystroke="ctrl h" />
  </action>
  <action id="NextTab">
    <keyboard-shortcut first-keystroke="alt l" />
  </action>
  <action id="OpenInBrowserGroup">
    <keyboard-shortcut first-keystroke="f1" />
  </action>
  <action id="PrevSplitter">
    <keyboard-shortcut first-keystroke="ctrl l" />
  </action>
  <action id="PreviousEditorTab" />
  <action id="PreviousTab">
    <keyboard-shortcut first-keystroke="alt h" />
  </action>
  <action id="PyExecuteCellAction" />
  <action id="ReformatCode">
    <keyboard-shortcut first-keystroke="shift ctrl alt l" />
  </action>
  <action id="SaveAll" />
  <action id="SelectNextOccurrence" />
  <action id="ShowReformatFileDialog" />
  <action id="ShowSettings">
    <keyboard-shortcut first-keystroke="alt s" />
  </action>
  <action id="SurroundWith">
    <keyboard-shortcut first-keystroke="ctrl t" />
  </action>
  <action id="TableResult.UnselectPreviousOccurrence" />
  <action id="TypeHierarchy" />
  <action id="TypeHierarchyBase.BaseOnThisType" />
  <action id="UnselectPreviousOccurrence" />
  <action id="Vcs.Log.FocusTextFilter" />
  <action id="Vcs.Push" />
  <action id="Vcs.UpdateProject" />
  <action id="ViewSource" />
</keymap>